nestbox,tag,tag2,rfid,date,band_number,ringing_age,sex
Ha148,,,989001026313034,2018-04-18T00:00:00Z,GG27972,2018 adult,F
Ha152,,,989001026313011,2018-04-18T00:00:00Z,GG24019,2007,F
Ha164,,,989001026312950,2018-04-18T00:00:00Z,GG31663,2017 adult,M
Ha160,4778,added on 1/5/18,989001026312947,2018-04-22T00:00:00Z,GG27973,2018 adult,F
Ha157,4795,added on 1/5/18,989001026313006,2018-04-22T00:00:00Z,GG31657,2017 adult,F
Ha246,,,989001026312970,2018-04-23T00:00:00Z,GG31076,2016,M
Ha53,4793,,989001026346980,2018-04-23T00:00:00Z,GG31056,2016 adult,F
Ha252,,,989001026347031,2018-04-24T00:00:00Z,GG31073,2016,M
Ha214,4788,,989001026312984,2018-04-29T00:00:00Z,GG23204,2013adult,F
Ha250,4779,,989001026312952,2018-04-29T00:00:00Z,GG24120,2015,F
Ha223,4797,,989001026312959,2018-04-30T00:00:00Z,GG27974,2018 adult,F
Ha221,,,989001026312958,2018-04-30T00:00:00Z,GG27739,2016,F
Ha231,4789,,989001026313001,2018-04-30T00:00:00Z,GG27975,2018 adult,F
Ha236,,,989001026312981,2018-04-30T00:00:00Z,GG31682,2017 adult,F
Ha140,4782,,989001026313016,2018-05-02T00:00:00Z,GG31694,2017 adult,F
Ha225,4783,,989001026312948,2018-05-02T00:00:00Z,GG27976,2018 adult,F
Ha222,4780,,989001026312965,2018-05-06T00:00:00Z,GG27977,2018 adult,F
Ha259,,,989001026312986,2018-05-06T00:00:00Z,GG25729,2014,F
Ha214,4796,,989001026312982,2018-05-06T00:00:00Z,GG17716,2010,M
Ha226,,,989001026312956,2018-05-09T00:00:00Z,GG27978,2018 adult,F
Ha211,,,989001026312979,2018-05-09T00:00:00Z,GG27979,2018 adult,F
Ha151,,,989001026312975,2018-05-10T00:00:00Z,GG27980,2018 adult,F
Ha247,,,989001026312944,2018-05-10T00:00:00Z,GG27981,2018 adult,F
Ha217,4791,,989001026346996,2018-05-13T00:00:00Z,GG27982,2018 adult,F
Ha229,,,989001026346949,2018-05-13T00:00:00Z,GG27983,2018 adult,F
Ha157,4790,,989001026346984,2018-05-15T00:00:00Z,GG31658,2017 adult,M
Ha231,4915,,989001026346966,2018-05-16T00:00:00Z,GG27984,2018 adult,M
Ha213,,,989001026347014,2018-05-21T00:00:00Z,GG27985,2018 adult,F
Ha247,,,98900102631303,2018-05-22T00:00:00Z,GG27986,1,
Ha247,4752,,989001026313007,2018-05-22T00:00:00Z,GG27987,1,
Ha247,4728,,989001026313023,2018-05-22T00:00:00Z,GG27988,1,
Ha247,4747,,989001026312967,2018-05-22T00:00:00Z,GG27989,1,
Ha247,,,98900102631299,2018-05-22T00:00:00Z,GG27990,1,
Ha247,4743,,989001026312985,2018-05-22T00:00:00Z,GG27991,1,
Ha223,4907,,989001026312971,2018-05-23T00:00:00Z,GG31977,2017,M
Ha100,,,989001026346972,2018-05-28T00:00:00Z,GG25853,2018 adult,F
Ha140,4757,,989001026312962,2018-05-27T00:00:00Z,GG27997,1,
Ha140,,,989001026313037,2018-05-27T00:00:00Z,GG27998,1,
Ha140,4748,,989001026312998,2018-05-27T00:00:00Z,GG27999,1,
Ha140,4754,,989001026312978,2018-05-27T00:00:00Z,GG28000,1,
Ha140,4753,,989001026312977,2018-05-27T00:00:00Z,GG25851,1,
Ha140,,,989001026312943,2018-05-27T00:00:00Z,GG25852,1,
Ha402,,,989001026347029,2018-05-30T00:00:00Z,GG25862,2018 adult,F
Ha226,,,98900102631301,2018-05-30T00:00:00Z,GG25868,2018 adult,M
Ha205,,,989001026312946,2018-05-30T00:00:00Z,GG25854,1,
Ha205,,,989001026312949,2018-05-30T00:00:00Z,GG25855,1,
Ha205,,,98900102631298,2018-05-30T00:00:00Z,GG25856,1,
Ha205,,,989001026312954,2018-05-30T00:00:00Z,GG25857,1,
Ha205,,,989001026312997,2018-05-30T00:00:00Z,GG25858,1,
Ha402,,,989001026313012,2018-05-30T00:00:00Z,GG25859,1,
Ha402,,,989001026313029,2018-05-30T00:00:00Z,GG25860,1,
Ha402,,,989001026312991,2018-05-30T00:00:00Z,GG25861,1,
Ha401,,,989001026312961,2018-05-30T00:00:00Z,GG25863,1,
Ha401,,,98900102631296,2018-05-30T00:00:00Z,GG25864,1,
Ha401,,,989001026312945,2018-05-30T00:00:00Z,GG25865,1,
Ha401,,,989001026312969,2018-05-30T00:00:00Z,GG25866,1,
Ha401,,,989001026347015,2018-05-30T00:00:00Z,GG25867,1,
Ha250,4761,,989001026313005,2018-05-31T00:00:00Z,GG25869,1,
Ha250,4759,,98900102634704,2018-05-31T00:00:00Z,GG25870,1,
Ha217,4910,,989001026346948,2018-06-06T00:00:00Z,GG25871,2018 adult,M
Ha213,4912,,98900102634696,2018-06-07T00:00:00Z,GG25032,2013,M
HN2,,,989001026346995,2018-06-06T00:00:00Z,GG25872,1,
HN2,4764,,989001026312941,2018-06-06T00:00:00Z,GG25873,1,
HN2,,,989001026346973,2018-06-06T00:00:00Z,GG25874,1,
HN2,4762,,989001026313002,2018-06-06T00:00:00Z,GG25875,1,
HN2,4726,,989001026347009,2018-06-06T00:00:00Z,GG25876,1,
Ha190,,kobi,989001026347039,2018-06-10T00:00:00Z,GG35496,1,
Ha190,,kobi,989001026347006,2018-06-10T00:00:00Z,GG35497,1,
Ha190,,kobi,989001026347035,2018-06-10T00:00:00Z,GG35498,1,
Ha193,,kobi,989001026313013,2018-06-10T00:00:00Z,GG35499,1,
Ha193,,kobi,989001026347004,2018-06-10T00:00:00Z,GG35500,1,
Ha193,,kobi,989001026346959,2018-06-10T00:00:00Z,GG33601,1,
Ha193,,kobi,989001026312995,2018-06-10T00:00:00Z,GG33602,1,
Ha194,,kobi,989001026347,2018-06-10T00:00:00Z,GG33603,1,
Ha194,,kobi,989001026347007,2018-06-10T00:00:00Z,GG33604,1,
Ha184,,kobi,989001026346998,2018-06-10T00:00:00Z,GG33605,1,
Ha184,,kobi,989001026346952,2018-06-10T00:00:00Z,GG33606,1,
Ha184,,kobi,98900102634702,2018-06-10T00:00:00Z,GG 33607,1,
Ha177,,kobi,989001026313036,2018-06-10T00:00:00Z,G21416,2018 adult,F
Ha184,,kobi,989001026347005,2018-06-10T00:00:00Z,G21417,2018 adult,F
Ha214,,,989001026312983,2018-05-23T00:00:00Z,GG27992,1,
Ha214,4744,,989001026312955,2018-05-23T00:00:00Z,GG27993,1,
Ha214,,,989001026312963,2018-05-23T00:00:00Z,GG27994,1,
Ha214,4769,,989001026312951,2018-05-23T00:00:00Z,GG27995,1,
Ha214,4745,,989001026312976,2018-05-23T00:00:00Z,GG27996,1,
Ha157,4722,,989001026346878,2018-06-10T00:00:00Z,GG25877,1,
Ha157,4718,,989001026346863,2018-06-10T00:00:00Z,GG25878,1,
Ha157,,,989001026346885,2018-06-10T00:00:00Z,GG25879,1,
Ha157,4740,,989001026346915,2018-06-10T00:00:00Z,GG25880,1,
Ha157,4749,found dead in box,989001026346892,2018-06-10T00:00:00Z,GG25881,1,
Ha157,4756,,989001026346871,2018-06-10T00:00:00Z,GG25882,1,
Ha157,,,989001026346916,2018-06-10T00:00:00Z,GG25883,1,
Ha157,4766,,989001026346917,2018-06-10T00:00:00Z,GG25884,1,
Ha231,4768,,98900102634693,2018-06-10T00:00:00Z,GG25886,1,
Ha231,4741,,989001026346869,2018-06-10T00:00:00Z,GG25887,1,
Ha231,,,98900102634689,2018-06-10T00:00:00Z,GG25888,1,
Ha231,4750,,989001026346939,2018-06-10T00:00:00Z,GG25889,1,
Ha231,4763,,989001026346942,2018-06-10T00:00:00Z,GG25890,1,
Ha231,,,989001026346928,2018-06-10T00:00:00Z,GG25891,1,
Ha223,4767,,989001023646957,2018-06-14T00:00:00Z,GG25892,1,
Ha223,4724,,989001026346873,2018-06-14T00:00:00Z,GG25893,1,
Ha223,4719,,989001026346989,2018-06-14T00:00:00Z,GG25894,1,
Ha223,4739,,989001026346954,2018-06-14T00:00:00Z,GG25895,1,
Ha225,4751,,989001026346979,2018-06-14T00:00:00Z,GG25896,1,
Ha225,4735,,989001026346947,2018-06-14T00:00:00Z,GG25897,1,
Ha225,,,989001026346964,2018-06-14T00:00:00Z,GG25898,1,
Ha225,4733,,989001026346967,2018-06-14T00:00:00Z,GG25899,1,
Ha225,,,989001026312942,2018-06-14T00:00:00Z,GG25900,1,
Ha225,,,989001026347041,2018-06-14T00:00:00Z,GG31751,1,
Ha225,,,989001026347023,2018-06-14T00:00:00Z,GG31752,1,
Ha236,4742,,989001023646889,2018-06-14T00:00:00Z,GG31753,1,
Ha236,4723,,989001026346893,2018-06-14T00:00:00Z,GG31754,1,
Ha236,4758,,989001026346938,2018-06-14T00:00:00Z,GG31755,1,
Ha259,4736,,989001026346937,2018-06-20T00:00:00Z,GG31756,1,
Ha259,4720,,989001026346901,2018-06-20T00:00:00Z,GG31757,1,
Ha259,,,989001026346887,2018-06-20T00:00:00Z,GG31758,1,
Ha217,4760,,989001026346919,2018-06-28T00:00:00Z,GG31759,1,
Ha217,4765,,989001026346908,2018-06-28T00:00:00Z,GG31760,1,
Ha217,4772,,989001026346918,2018-06-28T00:00:00Z,GG31761,1,
Ha217,4721,,989001026346896,2018-06-28T00:00:00Z,GG31762,1,
Ha217,4725,,98900102634694,2018-06-28T00:00:00Z,GG31763,1,
Ha213,4734,,989001026346924,2018-06-28T00:00:00Z,GG31764,1,
Ha213,4731,,989001026346927,2018-06-28T00:00:00Z,GG31765,1,
Ha213,4743,,989001026346932,2018-06-28T00:00:00Z,GG31766,1,
Ha226,4737,,989001026346914,2018-06-28T00:00:00Z,GG31767,1,
Ha229,4732,dead in box 5/6/19,989001026346876,2018-06-28T00:00:00Z,GG31768,1,
Ha229,4771,,989001026346903,2018-06-28T00:00:00Z,GG31769,1,
Ha229,,,989001026346864,2018-06-28T00:00:00Z,GG31770,1,
Ha229,,,989001026346909,2018-06-28T00:00:00Z,GG31771,1,
Ha229,,,989001026346886,2018-06-28T00:00:00Z,GG31772,1,
Ha229,,,989001026346929,2018-06-28T00:00:00Z,GG31773,1,
Ha229,4738,,989001026346895,2018-06-28T00:00:00Z,GG31774,1,
Ha157,,,989001026313006,2019-04-24T00:00:00Z,GG31657,2017 adult,F
Ha258,,,989001026312962,2019-04-28T00:00:00Z,GG27997,2018,M
Ha258,,,989001026346843,2019-04-28T00:00:00Z,GG31775,2018 adult,F
Ha256,,,989001026346781,2019-04-28T00:00:00Z,GG31776,2018 adult,F
Ha160,,,989001026346875,2019-04-28T00:00:00Z,GG31693,2017 adult,F
Ha214,,,989001026346880,2019-04-29T00:00:00Z,GG31779,2019 adult,F
Ha216,,,989001026346773,2019-04-29T00:00:00Z,GG31780,2019 adult,F
Ha237,,,989001026346818,2019-04-29T00:00:00Z,GG31782,2019 adult,M
Ha237,,,989001026346748,2019-04-29T00:00:00Z,GG31781,2019 adult,F
Ha170,,,989001026346819,2019-05-02T00:00:00Z,GG31777,2019 adult,F
Ha166,,,989001026346807,2019-05-02T00:00:00Z,GG31778,2019 adult,F
Ha167,,,989001026346921,2019-05-02T00:00:00Z,GG31783,2019 adult,F
Ha259,,,989001026346924,2019-05-03T00:00:00Z,GG31764,2018,F
Ha243,,,989001026346775,2019-05-03T00:00:00Z,GG31784,2019 adult,F
Ha128,,,989001026346849,2019-05-03T00:00:00Z,GG31785,2019 adult,F
Ha213,,,989001026346857,2019-05-03T00:00:00Z,GG24265,2015,F
Ha231,,,989001026346842,2019-05-03T00:00:00Z,GG31786,2019 adult,F
Ha231,,,989001026346799,2019-05-03T00:00:00Z,GG31787,1,
Ha231,,,989001026346853,2019-05-03T00:00:00Z,GG31788,1,
Ha231,,,989001026346882,2019-05-03T00:00:00Z,GG31789,1,
Ha277,,,989001026346905,2019-05-05T00:00:00Z,GG31790,2019 adult,F
Ha284,,,989001026346835,2019-05-05T00:00:00Z,GG31791,2019 adult,F
Ha290,,,989001026313034,2019-05-06T00:00:00Z,GG27972,2018 adult,F
Ha230,,,989001026346805,2019-05-06T00:00:00Z,GG34412,2018,F
Ha152,,,989001026346759,2019-05-06T00:00:00Z,GG31792,2018 adult,F
Ha219,,,989001026346770,2019-05-08T00:00:00Z,GG31793,2018 adult,F?
Ha229,,,989001026346949,2019-05-12T00:00:00Z,GG27983,2018 adult,F
Ha223,,,989001026312959,2019-05-12T00:00:00Z,GG27974,2018 adult,F
Ha225,,,989001026312960,2019-05-12T00:00:00Z,GG25864,2018,F
Ha227,,,989001026346850,2019-05-12T00:00:00Z,GG35439,2018,F
Ha221,,,989001026346934,2019-05-12T00:00:00Z,GG31794,2019 adult,F
Ha235,,,989001026346845,2019-05-12T00:00:00Z,GG31795,2019 adult,F?
Ha250,,,989001026346833,2019-05-12T00:00:00Z,GG31796,2019 adult,F
Ha247,,,989001026346923,2019-05-13T00:00:00Z,GG31797,2019 adult,F
Ha254,,,989001026312952,2019-05-13T00:00:00Z,GG24120,2015,F
Ha255,,,989001026346824,2019-05-13T00:00:00Z,GG31798,2019 adult,F
Ha225,,,98900102631296,2019-01-04T00:00:00Z,GG25864,2018,F
Ha218,,,989001026346884,2019-05-15T00:00:00Z,GG31799,2019 adult,F
Ha140,,,989001026313016,2019-05-15T00:00:00Z,GG31694,2017 adult,F
Ha130,,,989001026346858,2019-05-15T00:00:00Z,GG31800,1,
Ha130,,,989001026346898,2019-05-15T00:00:00Z,GG29901,1,
Ha130,,,989001026346811,2019-05-15T00:00:00Z,GG29902,1,
Ha130,,,989001026346764,2019-05-15T00:00:00Z,GG29903,1,
Ha130,,,989001026346872,2019-05-15T00:00:00Z,GG29904,1,
Ha130,,,989001026346804,2019-05-15T00:00:00Z,GG29905,1,
Ha130,,,989001026346814,2019-05-15T00:00:00Z,GG29906,1,
Ha214,,,989001026346868,2019-05-15T00:00:00Z,GG29907,1,
Ha214,,,989001026346900,2019-05-15T00:00:00Z,GG29908,1,
Ha214,,,989001026346913,2019-05-15T00:00:00Z,GG29909,1,
Ha214,,,989001026346784,2019-05-15T00:00:00Z,GG29910,1,
Ha157,,,989001026346803,2019-05-22T00:00:00Z,GG29916,1,
Ha157,,,989001026346769,2019-05-22T00:00:00Z,GG29917,1,
Ha157,,,989001026346867,2019-05-22T00:00:00Z,GG29918,1,
Ha157,,,989001026346827,2019-05-22T00:00:00Z,GG29919,1,
Ha157,,,989001026346815,2019-05-22T00:00:00Z,GG29920,1,
Ha157,,,989001026346920,2019-05-22T00:00:00Z,GG29921,1,
Ha157,,,989001026346762,2019-05-22T00:00:00Z,GG29922,1,
Ha157,,,989001026346793,2019-05-22T00:00:00Z,GG29923,1,
Ha157,,,989001026346798,2019-05-22T00:00:00Z,GG29924,1,
Ha157,,,989001026346806,2019-05-22T00:00:00Z,GG29925,1,
Ha205,,,989001026346907,2019-05-22T00:00:00Z,GG29926,1,
Ha205,,,989001026346854,2019-05-22T00:00:00Z,GG29927,1,
Ha205,,,989001026346760,2019-05-22T00:00:00Z,GG29928,1,
Ha202,,,989001026346783,2019-05-22T00:00:00Z,GG29929,2019 adult,F
Ha195,,,989001026346809,2019-05-27T00:00:00Z,GG29932,1,
Ha195,,,989001026346776,2019-05-27T00:00:00Z,GG29933,1,
Ha195,,,989001026346829,2019-05-27T00:00:00Z,GG29934,1,
Ha195,,,989001026346747,2019-05-27T00:00:00Z,GG29935,1,
Ha195,,,989001026346846,2019-05-27T00:00:00Z,GG29936,1,
Ha194,,,989001026346780,2019-05-27T00:00:00Z,GG29938,1,
Ha194,,,989001026346782,2019-05-27T00:00:00Z,GG29939,1,
Ha194,,,989001026346753,2019-05-27T00:00:00Z,GG29940,1,
Ha402,,,989001026346794,2019-05-27T00:00:00Z,GG29942,1,
Ha402,,,989001026346933,2019-05-27T00:00:00Z,GG29943,1,
Ha402,,,989001026346897,2019-05-27T00:00:00Z,GG29944,1,
Ha184,,,989001026346823,2019-05-26T00:00:00Z,GG29930,2019 adult,F
Ha212,,,989001026346758,2019-05-26T00:00:00Z,GG29931,2019 adult,F
Ha193,,,989001026346765,2019-05-26T00:00:00Z,GG29937,2019 adult,F
Ha402,,,989001026346926,2019-05-27T00:00:00Z,GG29941,2019 adult,F
Ha401,,,989001026346875,2019-05-27T00:00:00Z,GG31693,2017 adult,F
Ha208,,,989001026346851,2019-05-29T00:00:00Z,GG31806,2019 adult,F
Ha207,,,989001026346755,2019-05-29T00:00:00Z,GG31705,2017 adult,F
Ha160,,,989001026346801,2019-05-29T00:00:00Z,GG29945,1,
Ha160,,,989001026346791,2019-05-29T00:00:00Z,GG29946,1,
Ha160,,,989001026346774,2019-05-29T00:00:00Z,GG29947,1,
Ha160,,,989001026346836,2019-05-29T00:00:00Z,GG29948,1,
Ha160,,,989001026346904,2019-05-29T00:00:00Z,GG29949,1,
Ha160,,,989001026346751,2019-05-29T00:00:00Z,GG29950,1,
Ha160,,,989001026346861,2019-05-29T00:00:00Z,GG31801,1,
Ha160,,,989001026346797,2019-05-29T00:00:00Z,GG31802,1,
Ha284,,,989001026346844,2019-05-29T00:00:00Z,GG31803,1,
Ha284,,,989001026346779,2019-05-29T00:00:00Z,GG31804,1,
Ha284,,,989001026346812,2019-05-29T00:00:00Z,GG31805,1,
Ha169,,,989001026346935,2019-05-29T00:00:00Z,GG31807,1,
Ha169,,,989001026346766,2019-05-29T00:00:00Z,GG31808,1,
Ha169,,,989001026346745,2019-05-29T00:00:00Z,GG31809,1,
Ha169,,,989001026346830,2019-05-29T00:00:00Z,GG31810,1,
Ha169,,,989001026346754,2019-05-29T00:00:00Z,GG31811,1,
Ha169,,,989001026346788,2019-05-29T00:00:00Z,GG31812,1,
Ha169,,,989001026346925,2019-05-29T00:00:00Z,GG31813,1,
Ha243,,,989001026346841,2019-06-02T00:00:00Z,GG31814,1,
Ha243,,,989001026346870,2019-06-02T00:00:00Z,GG31815,1,
Ha243,,,989001026346838,2019-06-02T00:00:00Z,GG31816,1,
Ha243,,,989001026346936,2019-06-02T00:00:00Z,GG31817,1,
Ha243,,,989001026346874,2019-06-02T00:00:00Z,GG31818,1,
Ha243,,,989001026346840,2019-06-02T00:00:00Z,GG31819,1,
Ha243,,,989001026346763,2019-06-02T00:00:00Z,GG31820,1,
Ha243,,,989001026346789,2019-06-02T00:00:00Z,GG31821,1,
Ha243,,,989001026346756,2019-06-02T00:00:00Z,GG31822,1,
Ha152,,,989001026346816,2019-06-02T00:00:00Z,GG31823,1,
Ha152,,,989001026346877,2019-06-02T00:00:00Z,GG31824,1,
Ha152,,,989001026346931,2019-06-02T00:00:00Z,GG31825,1,
Ha152,,,989001026346767,2019-06-02T00:00:00Z,GG31826,1,
Ha152,,,989001026346796,2019-06-02T00:00:00Z,GG31827,1,
Ha152,,,989001026346808,2019-06-02T00:00:00Z,GG31828,1,
Ha152,,,989001026346743,2019-06-02T00:00:00Z,GG31829,1,
Ha152,,,989001026346785,2019-06-02T00:00:00Z,GG31830,1,
Ha152,,,989001026346906,2019-06-02T00:00:00Z,GG31831,1,
Ha230,,,989001026346757,2019-06-02T00:00:00Z,GG31832,1,
Ha230,,,989001026346821,2019-06-02T00:00:00Z,GG31833,1,
Ha230,,,989001026346822,2019-06-02T00:00:00Z,GG31834,1,
Ha223,,,989001026346922,2019-06-02T00:00:00Z,GG31835,1,
Ha223,,,989001026346866,2019-06-02T00:00:00Z,GG31836,1,
Ha223,,,989001026346837,2019-06-02T00:00:00Z,GG31837,1,
Ha223,,,989001026346834,2019-06-02T00:00:00Z,GG31838,1,
Ha223,,,989001026346941,2019-06-02T00:00:00Z,GG31839,1,
Ha223,,,989001026346768,2019-06-02T00:00:00Z,GG31840,1,
Ha223,,,989001026346862,2019-06-02T00:00:00Z,GG31841,1,
Ha223,,,989001026346865,2019-06-02T00:00:00Z,GG31842,1,
Ha227,,,989001026346752,2019-06-02T00:00:00Z,GG31843,1,
Ha227,,,989001026346856,2019-06-02T00:00:00Z,GG31844,1,
Ha227,,,989001026346894,2019-06-02T00:00:00Z,GG31845,1,
Ha227,,,989001026346777,2019-06-02T00:00:00Z,GG31846,1,
Ha227,,,989001026346848,2019-06-02T00:00:00Z,GG31847,1,
Ha227,,,989001026346772,2019-06-02T00:00:00Z,GG31848,1,
Ha227,,,989001026346778,2019-06-02T00:00:00Z,GG31849,1,
Ha227,,,989001026346899,2019-06-02T00:00:00Z,GG31850,1,
Ha81,,,989001026346728,2019-06-05T00:00:00Z,GG35517,2019 adult,F
Ha222,,,989001026346693,2019-06-05T00:00:00Z,GG35518,2019 adult,F
Ha287,,,989001026346730,2019-06-06T00:00:00Z,GG35519,2019 adult,F
Ha229,,,989001026346698,2019-06-05T00:00:00Z,GG35501,1,
Ha229,,,989001026346670,2019-06-05T00:00:00Z,GG35502,1,
Ha229,,,989001026346696,2019-06-05T00:00:00Z,GG35503,1,
Ha229,,,989001026346729,2019-06-05T00:00:00Z,GG35504,1,
Ha229,,,989001026346643,2019-06-05T00:00:00Z,GG35505,1,
Ha229,,,989001026346700,2019-06-05T00:00:00Z,GG35506,1,
Ha229,,,989001026346649,2019-06-05T00:00:00Z,GG35507,1,
Ha229,,,989001026346645,2019-06-05T00:00:00Z,GG35508,1,
Ha290,,,989001026346888,2019-06-05T00:00:00Z,GG35509,1,
Ha290,,,989001026346648,2019-06-05T00:00:00Z,GG35510,1,
Ha290,,,989001026346663,2019-06-05T00:00:00Z,GG35511,1,
Ha290,,,989001026346665,2019-06-05T00:00:00Z,GG35512,1,
Ha290,,,989001026346817,2019-06-05T00:00:00Z,GG35513,1,
Ha290,,,989001026346740,2019-06-05T00:00:00Z,GG35514,1,
Ha290,,,989001026346736,2019-06-05T00:00:00Z,GG35515,1,
Ha290,,,989001026346902,2019-06-05T00:00:00Z,GG35516,1,
Ha141,,,989001026346792,2019-06-06T00:00:00Z,GG35520,1,
Ha141,,,989001026346883,2019-06-06T00:00:00Z,GG35521,1,
Ha141,,,989001026346839,2019-06-06T00:00:00Z,GG35522,1,
Ha142,,,989001026346744,2019-06-06T00:00:00Z,GG35525,1,
Ha142,,,989001026346660,2019-06-06T00:00:00Z,GG35526,1,
Ha142,,,989001026346820,2019-06-06T00:00:00Z,GG35527,1,
Ha142,,,989001026346825,2019-06-06T00:00:00Z,GG35528,1,
Ha142,,,989001026346669,2019-06-06T00:00:00Z,GG35529,1,
Ha256,,,989001026346687,2019-05-10T00:00:00Z,GG35530,1,
Ha256,,,989001026346802,2019-05-10T00:00:00Z,GG35531,1,
Ha256,,,989001026346678,2019-05-10T00:00:00Z,GG35532,1,
Ha256,,,989001026346786,2019-05-10T00:00:00Z,GG35533,1,
Ha256,,,989001026346656,2019-05-10T00:00:00Z,GG35534,1,
Ha256,,,989001026346832,2019-05-10T00:00:00Z,GG35535,1,
Ha256,,,989001026346719,2019-05-10T00:00:00Z,GG35536,1,
Ha256,,,989001026346673,2019-05-10T00:00:00Z,GG35537,1,
Ha255,,,989001026346847,2019-05-10T00:00:00Z,GG35538,1,
Ha255,,,989001026346644,2019-05-10T00:00:00Z,GG35539,1,
Ha255,,,989001026346679,2019-05-10T00:00:00Z,GG35540,1,
Ha255,,,989001026346662,2019-05-10T00:00:00Z,GG35541,1,
Ha216,,,989001026346826,2019-06-10T00:00:00Z,GG35542,1,
Ha216,,,989001026346828,2019-06-10T00:00:00Z,GG35543,1,
Ha216,,,989001026346746,2019-06-10T00:00:00Z,GG35544,1,
Ha216,,,989001026346658,2019-06-10T00:00:00Z,GG35545,1,
Ha216,,,989001026346684,2019-06-10T00:00:00Z,GG35546,1,
Ha216,,,989001026346860,2019-06-10T00:00:00Z,GG35547,1,
Ha216,,,989001026346911,2019-06-10T00:00:00Z,GG35548,1,
Ha216,,,989001026346912,2019-06-10T00:00:00Z,GG35549,1,
Ha216,,,989001026346761,2019-06-10T00:00:00Z,GG35550,1,
Ha225,,,989001026346787,2019-06-10T00:00:00Z,GG35551,1,
Ha225,,,989001026346676,2019-06-10T00:00:00Z,GG35552,1,
Ha225,,,989001026346881,2019-06-10T00:00:00Z,GG35553,1,
Ha225,,,989001026346716,2019-06-10T00:00:00Z,GG35554,1,
Ha225,,,989001026346749,2019-06-10T00:00:00Z,GG35555,1,
Ha225,,,989001026346675,2019-06-10T00:00:00Z,GG35556,1,
Ha225,,,989001026346795,2019-06-10T00:00:00Z,GG35557,1,
Ha225,,,989001026346771,2019-06-10T00:00:00Z,GG35558,1,
Ha140,,,989001026346681,2019-06-12T00:00:00Z,GG35559,1,
Ha140,,,989001026346652,2019-06-12T00:00:00Z,GG35560,1,
Ha140,,,989001026346713,2019-06-12T00:00:00Z,GG35561,1,
Ha140,,,989001026346721,2019-06-12T00:00:00Z,GG35562,1,
Ha140,,,989001026346708,2019-06-12T00:00:00Z,GG35563,1,
Ha140,,,989001026346695,2019-06-12T00:00:00Z,GG35564,1,
Ha140,,,989001026346715,2019-06-12T00:00:00Z,GG35565,1,
Ha128,,,989001026346733,2019-06-12T00:00:00Z,GG35566,1,
Ha128,,,989001026346742,2019-06-12T00:00:00Z,GG35567,1,
Ha128,,,989001026346732,2019-06-12T00:00:00Z,GG35568,1,
Ha128,,,989001026346711,2019-06-12T00:00:00Z,GG35569,1,
Ha128,,,989001026346668,2019-06-12T00:00:00Z,GG35570,1,
Ha128,,,989001026346859,2019-06-12T00:00:00Z,GG35571,1,
Ha128,,,989001026346750,2019-06-12T00:00:00Z,GG35572,1,
Ha128,,,,2019-06-12T00:00:00Z,GG35598,1,
Ha259,,,989001026346691,2019-06-12T00:00:00Z,GG35573,1,
Ha259,,,989001026346717,2019-06-12T00:00:00Z,GG35574,1,
Ha259,,,989001026346709,2019-06-12T00:00:00Z,GG35575,1,
Ha259,,,989001026346685,2019-06-12T00:00:00Z,GG35576,1,
Ha259,,,989001026346705,2019-06-12T00:00:00Z,GG35577,1,
Ha259,,,989001026346659,2019-06-12T00:00:00Z,GG35578,1,
Ha259,,,989001026346650,2019-06-12T00:00:00Z,GG35579,1,
Ha259,,,989001026346701,2019-06-12T00:00:00Z,GG35580,1,
Ha277,,,989001026346655,2019-06-12T00:00:00Z,GG35581,1,
Ha277,,,989001026346672,2019-06-12T00:00:00Z,GG35582,1,
Ha277,,,989001026346720,2019-06-12T00:00:00Z,GG35583,1,
Ha277,,,989001026346831,2019-06-12T00:00:00Z,GG35584,1,
Ha277,,,989001026346646,2019-06-12T00:00:00Z,GG35585,1,
Ha277,,,989001026346727,2019-06-12T00:00:00Z,GG35586,1,
Ha277,,,989001026346699,2019-06-12T00:00:00Z,GG35587,1,
Ha277,,,989001026346731,2019-06-12T00:00:00Z,GG35588,1,
Ha213,,,989001026346723,2019-06-12T00:00:00Z,GG35589,1,
Ha213,,,989001026346671,2019-06-12T00:00:00Z,GG35590,1,
Ha213,,,9890010263468,2019-06-12T00:00:00Z,GG35591,1,
Ha213,,,989001026346680,2019-06-12T00:00:00Z,GG35592,1,
Ha213,,,989001026346677,2019-06-12T00:00:00Z,GG35593,1,
Ha213,,,989001026346688,2019-06-12T00:00:00Z,GG35594,1,
Ha213,,,989001026346710,2019-06-12T00:00:00Z,GG35595,1,
Ha213,,,989001026346694,2019-06-12T00:00:00Z,GG35596,1,
Ha213,,,989001026346734,2019-06-12T00:00:00Z,GG35597,1,
Ha244,,,989001026346647,2019-06-12T00:00:00Z,GG35599,2019 adult,F
Ha247,,,989001026346724,2019-06-16T00:00:00Z,GG35600,1,
Ha247,,,989001026346651,2019-06-16T00:00:00Z,GG35601,1,
Ha247,,,989001026346657,2019-06-16T00:00:00Z,GG35602,1,
Ha247,,,989001026346726,2019-06-16T00:00:00Z,GG35603,1,
Ha247,,,989001026346725,2019-06-16T00:00:00Z,GG35604,1,
Ha247,,,989001026346674,2019-06-16T00:00:00Z,GG35605,1,
Ha247,,,989001026346683,2019-06-16T00:00:00Z,GG35606,1,
Ha165,,,989001026346690,2019-06-19T00:00:00Z,GG35617,1,
Ha165,,,989001026346735,2019-06-19T00:00:00Z,GG35618,1,
Ha165,,,989001026346737,2019-06-19T00:00:00Z,GG35619,1,
Ha165,,,989001026346653,2019-06-19T00:00:00Z,GG35620,1,
Ha165,,,989001026346714,2019-06-19T00:00:00Z,GG35621,1,
Ha165,,,989001026346667,2019-06-19T00:00:00Z,GG35622,1,
Ha165,,,989001026346686,2019-06-19T00:00:00Z,GG35623,1,
Ha237,,,989001026346692,2019-06-19T00:00:00Z,GG35624,1,
Ha237,,,989001026346741,2019-06-19T00:00:00Z,GG35625,1,
Ha237,,,989001026346707,2019-06-19T00:00:00Z,GG35626,1,"dead Nov  7, 2019"
Ha237,,,989001026346703,2019-06-19T00:00:00Z,GG35627,1,
Ha237,,,989001026346689,2019-06-19T00:00:00Z,GG35628,1,
Ha237,,,989001026346702,2019-06-19T00:00:00Z,GG35629,1,
Ha262,,,989001026346664,2019-06-24T00:00:00Z,GG35630,1,
Ha262,,,989001026346666,2019-06-24T00:00:00Z,GG35631,1,
Ha250,,,989001026346712,2019-06-24T00:00:00Z,GG35632,1,
Ha250,,,989001026346722,2019-06-24T00:00:00Z,GG35633,1,
Ha250,,,989001026346704,2019-06-24T00:00:00Z,GG35634,1,
Ha250,,,989001026346718,2019-06-24T00:00:00Z,GG35635,1,
Ha250,,,989001026346697,2019-06-24T00:00:00Z,GG35637,1,
HN2,,,989001026346654,2019-06-26T00:00:00Z,GG35647,1,
HN2,,,989001026346682,2019-06-26T00:00:00Z,GG35648,1,
Ha244,,,989001026346661,2019-07-31T00:00:00Z,GG35696,1,
Ha235,,,989001026344881,2019-08-07T00:00:00Z,GG35751,1,
Ha235,,,989001026344848,2019-08-07T00:00:00Z,GG35752,1,
Ha235,,,989001026344908,2019-08-07T00:00:00Z,GG35753,1,
Ha235,,,989001026344888,2019-08-07T00:00:00Z,GG35754,1,
Ha402,,,989001026344851,2019-08-07T00:00:00Z,GG35699,1,
Ha402,,,989001026346739,2019-08-07T00:00:00Z,GG35697,1,
Ha402,,,989001026344904,2019-08-07T00:00:00Z,GG35698,1,
Ha402,,,989001026344859,2019-08-07T00:00:00Z,GG35700,1,
Ha402,,,989001026346706,2019-08-07T00:00:00Z,GG35755,1,
Ha212,,,989001026344907,2019-08-13T00:00:00Z,GG35681,1,
Ha212,,,989001026344885,2019-08-13T00:00:00Z,GG35682,1,
Ha214,,,989001026344903,2019-08-19T00:00:00Z,GG35756,1,
Ha214,,,989001026344922,2019-08-19T00:00:00Z,GG35757,1,
Ha152,,,989001026344883,2019-10-02T00:00:00Z,GG35758,1,
Ha152,,,989001026344937,2020-04-21T00:00:00Z,GG35759,adult2020,F
Ha286,,,989001026346861,2020-04-21T00:00:00Z,GG31801,2019,F
Ha286,,,989001026344883,2020-04-21T00:00:00Z,GG35760,adult2020,M
Ha285,,,989001026346949,2020-04-21T00:00:00Z,GG27983,2018 adult,F
Ha137,,,989001026344867,2020-04-22T00:00:00Z,GG35761,adult2020,F
Ha176,,,989001026344918,2020-04-22T00:00:00Z,GG35609,2019,F
Ha128,,,989001026344853,2020-04-22T00:00:00Z,GG35762,adult2020,F
Ha129,,,989001026344771,2020-04-22T00:00:00Z,GG35763,adult2020,F
Ha129,,,989001026344870,2020-04-22T00:00:00Z,GG35764,adult2020,M
Ha244,,,989001026346849,2020-04-27T00:00:00Z,GG31785,2019 adult,F
Ha243,,,989001026344789,2020-04-27T00:00:00Z,GG35765,adult2020,F
Ha145,,,989001026346679,2020-04-28T00:00:00Z,GG35540,2019,F
Ha154,,,989001026346656,2020-04-28T00:00:00Z,GG35534,2019,F
Ha283,,,989001026346930,2020-04-28T00:00:00Z,GG35586,2019,M
Ha283,,,989001026346835,2020-04-28T00:00:00Z,GG31791,2019 adult,F
Ha277,,,989001026346905,2020-04-28T00:00:00Z,GG31790,2019 adult,F
Ha227,,,989001026346850,2020-04-30T00:00:00Z,GG35439,2018,F
Ha232,,,989001026346653,2020-04-30T00:00:00Z,GG35620,2019,FM?
Ha255,,,989001026346790,2020-05-03T00:00:00Z,GG29912,2019 adult,F
Ha251,,,989001031451314,2020-05-03T00:00:00Z,GG35766,adult2020,F
Ha250,,,989001026346833,2020-05-03T00:00:00Z,GG31796,2019 adult,F
Ha248,,,989001026344922,2020-05-03T00:00:00Z,GG35757,2019,F
Ha249,,,989001026346820,2020-05-03T00:00:00Z,GG35527,2019,F
Ha166,,,989001026344911,2020-05-06T00:00:00Z,GG35767,adult2020,F
Ha289,,,989001026344830,2020-05-06T00:00:00Z,GG35768,adult2020,F
Ha276,,,989001026346644,2020-05-06T00:00:00Z,GG35539,2019,F
Ha275,,,989001026344857,2020-05-06T00:00:00Z,G23322,2018 adult,F
Ha278,,,989001026344876,2020-05-06T00:00:00Z,GG35574,2019,F
Ha287,,,989001031451369,2020-05-06T00:00:00Z,GG35769,adult2020,F
Ha3,,,989001026344817,2020-05-07T00:00:00Z,GG35770,adult2020,F
Ha151,,,989001026344930,2020-05-07T00:00:00Z,GG35771,adult2020,F
Ha153,,,989001026344878,2020-05-07T00:00:00Z,GG35772,adult2020,F
Ha162,,,989001026344752,2020-05-07T00:00:00Z,GG35773,adult2020,F
Ha247,,,989001026346867,2020-05-07T00:00:00Z,GG29918,2019,F
Ha262,,,989001026346891,2020-05-10T00:00:00Z,GG29911,2019 adult,F
Ha245,,,989001026344811,2020-05-10T00:00:00Z,GG35774,2019 adult,F
Ha220,,,989001026344929,2020-05-10T00:00:00Z,GG35598,2019,F
Ha237,,,989001026346748,2020-05-10T00:00:00Z,GG31781,2019 adult,F
Ha165,,,989001026346921,2020-05-13T00:00:00Z,GG31783,2019 adult,F
Ha215,,,989001026346769,2020-05-13T00:00:00Z,GG29917,2019,F
Ha216,,,989001026346773,2020-05-13T00:00:00Z,GG31780,2019 adult,F
Ha234,,,989001031451379,2020-05-14T00:00:00Z,GG35776,2019 adult,F
Ha273,,,989001031451351,2020-05-14T00:00:00Z,GG35777,2019 adult,M
Ha273,,,989001026346825,2020-05-14T00:00:00Z,GG35529,2019 adult,F
Ha288,,,989001026344923,2020-05-13T00:00:00Z,GG35775,2019 adult,F
Ha140,,,989001026344825,2020-05-19T00:00:00Z,GG35779,1,
Ha140,,,989001026344792,2020-05-19T00:00:00Z,GG35780,1,
Ha140,,,989001026344815,2020-05-19T00:00:00Z,GG35781,1,
Ha140,,,989001026344887,2020-05-19T00:00:00Z,GG35782,1,
Ha140,,,989001026344862,2020-05-19T00:00:00Z,GG35783,1,
Ha259,,,989001026346924,2020-05-17T00:00:00Z,GG31764,2018,F
Ha170,,,989001026344782,2020-05-17T00:00:00Z,GG33321,2019,F
Ha290,,,989001026313034,2020-05-17T00:00:00Z,GG27972,2018 adult,F
Ha229,,,989001026344798,2020-05-17T00:00:00Z,GG35778,adult2020,F
Ha217,,,989001026346677,2020-05-25T00:00:00Z,GG35593,2019,M
Ha217,,,989001031451372,2020-05-25T00:00:00Z,GG35784,adult2020,F
Ha231,,,989001026344834,2020-05-26T00:00:00Z,GG35785,1,
Ha231,,,989001026344936,2020-05-26T00:00:00Z,GG35786,1,
Ha231,,,989001026344941,2020-05-26T00:00:00Z,GG35787,1,
Ha231,,,989001026344829,2020-05-26T00:00:00Z,GG35788,1,
Ha231,,,989001026344880,2020-05-26T00:00:00Z,GG35789,1,
Ha231,,,989001026344912,2020-05-26T00:00:00Z,GG35791,1,
Ha231,,,989001031452485,2020-05-26T00:00:00Z,GG35790,1,
Ha286,,,989001031452381,2020-05-31T00:00:00Z,GG35792,1,
Ha286,,,989001031452386,2020-05-31T00:00:00Z,GG35793,1,
Ha286,,,989001031452325,2020-05-31T00:00:00Z,GG35794,1,
Ha286,,,989001031452307,2020-05-31T00:00:00Z,GG35795,1,
Ha286,,,989001031452332,2020-05-31T00:00:00Z,GG35796,1,
Ha286,,,989001031452371,2020-05-31T00:00:00Z,GG35797,1,
Ha286,,,989001031452346,2020-05-31T00:00:00Z,GG35798,1,
Ha286,,,989001031452392,2020-05-31T00:00:00Z,GG35799,1,
Ha137,,,989001031452390,2020-05-31T00:00:00Z,GG35800,1,
Ha137,,,989001031452495,2020-05-31T00:00:00Z,GG35801,1,
Ha137,,,989001031452341,2020-05-31T00:00:00Z,GG35802,1,
Ha137,,,989001031452249,2020-05-31T00:00:00Z,GG35803,1,
Ha137,,,989001031452304,2020-05-31T00:00:00Z,GG35804,1,
Ha137,,,989001031452306,2020-05-31T00:00:00Z,GG35805,1,
Ha227,,,989001031452466,2020-05-31T00:00:00Z,GG35806,1,
Ha227,,,989001031452301,2020-05-31T00:00:00Z,GG35807,1,
Ha227,,,989001031452315,2020-05-31T00:00:00Z,GG35808,1,
Ha227,,,989001031452492,2020-05-31T00:00:00Z,GG35809,1,
Ha227,,,989001031452264,2020-05-31T00:00:00Z,GG35810,1,
Ha237,,,989001031452374,2020-05-31T00:00:00Z,GG35811,1,
Ha237,,,989001031452241,2020-05-31T00:00:00Z,GG35812,1,
Ha237,,,989001031452324,2020-05-31T00:00:00Z,GG35813,1,
Ha237,,,989001031452496,2020-05-31T00:00:00Z,GG35814,1,
Ha237,,,989001031452344,2020-05-31T00:00:00Z,GG35815,1,
Ha237,,,989001031452458,2020-05-31T00:00:00Z,GG35816,1,
Ha243,,,989001031452373,2020-06-01T00:00:00Z,GG35817,1,
Ha243,,,989001031452205,2020-06-01T00:00:00Z,GG35818,1,
Ha243,,,989001031452302,2020-06-01T00:00:00Z,GG35819,1,
Ha243,,,989001031452259,2020-06-01T00:00:00Z,GG35820,1,
Ha243,,,989001031452322,2020-06-01T00:00:00Z,GG35821,1,
Ha243,,,989001031452335,2020-06-01T00:00:00Z,GG35822,1,
Ha243,,,989001031452212,2020-06-01T00:00:00Z,GG35823,1,
Ha247,,,989001031452337,2020-06-01T00:00:00Z,GG35824,1,
Ha247,,,989001031452215,2020-06-01T00:00:00Z,GG35825,1,
Ha279,,,989001031452219,2020-06-01T00:00:00Z,GG35826,adult2020,F
Ha285,,,989001031452330,2020-06-03T00:00:00Z,GG35827,1,
Ha285,,,989001031452289,2020-06-03T00:00:00Z,GG35828,1,
Ha285,,,989001031452357,2020-06-03T00:00:00Z,GG35829,1,
Ha285,,,989001031452320,2020-06-03T00:00:00Z,GG35830,1,
Ha285,,,989001031452288,2020-06-03T00:00:00Z,GG35831,1,
Ha285,,,989001031452482,2020-06-03T00:00:00Z,GG35832,1,
Ha285,,,989001031452438,2020-06-03T00:00:00Z,GG35833,1,
Ha151,,,989001031452395,2020-06-03T00:00:00Z,GG35834,1,
Ha151,,,989001031452329,2020-06-03T00:00:00Z,GG35835,1,
Ha151,,,989001031452343,2020-06-03T00:00:00Z,GG35836,1,
Ha151,,,989001031452300,2020-06-03T00:00:00Z,GG35837,1,
Ha151,,,989001031452277,2020-06-03T00:00:00Z,GG35838,1,
Ha151,,,989001031452342,2020-06-03T00:00:00Z,GG35839,1,
Ha152,,,989001031452308,2020-06-03T00:00:00Z,GG35840,1,
Ha152,,,989001031452435,2020-06-03T00:00:00Z,GG35841,1,
Ha152,,,989001031452296,2020-06-03T00:00:00Z,GG35842,1,
Ha152,,,989001031452362,2020-06-03T00:00:00Z,GG35843,1,
Ha152,,,989001031452472,2020-06-03T00:00:00Z,GG35844,1,
Ha152,,,989001031452361,2020-06-03T00:00:00Z,GG35845,1,
Ha176,,,989001031452230,2020-06-07T00:00:00Z,GG35846,1,
Ha176,,,989001031452243,2020-06-07T00:00:00Z,GG35847,1,
Ha176,,,989001031452387,2020-06-07T00:00:00Z,GG35848,1,
Ha128,,,989001031452221,2020-06-07T00:00:00Z,GG35849,1,
Ha128,,,989001031452200,2020-06-07T00:00:00Z,GG35850,1,
Ha128,,,989001031452451,2020-06-07T00:00:00Z,GG35851,1,
Ha244,,,989001031452247,2020-06-07T00:00:00Z,GG35852,1,
Ha244,,,989001031452211,2020-06-07T00:00:00Z,GG35853,1,
Ha244,,,989001031452368,2020-06-07T00:00:00Z,GG35854,1,
Ha129,,,989001031452347,2020-06-07T00:00:00Z,GG35855,1,
Ha129,,,989001031452226,2020-06-07T00:00:00Z,GG35856,1,
Ha129,,,989001031452244,2020-06-07T00:00:00Z,GG35857,1,
Ha129,,,989001031452295,2020-06-07T00:00:00Z,GG35858,1,
Ha129,,,989001031452235,2020-06-07T00:00:00Z,GG35859,1,
Ha129,,,989001031452298,2020-06-07T00:00:00Z,GG35860,1,
Ha283,,,989001031452245,2020-06-09T00:00:00Z,GG35861,1,
Ha283,,,989001031452251,2020-06-09T00:00:00Z,GG35862,1,
Ha283,,,989001031452224,2020-06-09T00:00:00Z,GG35863,1,
Ha283,,,989001031452260,2020-06-09T00:00:00Z,GG35864,1,
Ha283,,,989001031452326,2020-06-09T00:00:00Z,GG35865,1,
Ha283,,,989001031452209,2020-06-09T00:00:00Z,GG35866,1,
Ha283,,,989001031452317,2020-06-09T00:00:00Z,GG35867,1,
Ha154,,,989001031452391,2020-06-09T00:00:00Z,GG35868,1,
Ha154,,,989001031452265,2020-06-09T00:00:00Z,GG35869,1,
Ha154,,,989001031452397,2020-06-09T00:00:00Z,GG35870,1,
Ha154,,,989001031452253,2020-06-09T00:00:00Z,GG35871,1,
Ha154,,,989001031452393,2020-06-09T00:00:00Z,GG35872,1,
Ha154,,,989001031452491,2020-06-09T00:00:00Z,GG35873,1,
Ha145,,,989001031452310,2020-06-09T00:00:00Z,GG35874,1,
Ha145,,,989001031452350,2020-06-09T00:00:00Z,GG35875,1,
Ha145,,,989001031452480,2020-06-09T00:00:00Z,GG35876,1,
Ha145,,,989001031452338,2020-06-09T00:00:00Z,GG35877,1,
Ha277,,,989001031452364,2020-06-09T00:00:00Z,GG35878,1,
Ha277,,,989001031452285,2020-06-09T00:00:00Z,GG35879,1,
Ha277,,,989001031452333,2020-06-09T00:00:00Z,GG35880,1,
Ha277,,,989001031452279,2020-06-09T00:00:00Z,GG35881,1,
Ha277,,,989001031452207,2020-06-09T00:00:00Z,GG35882,1,
Ha277,,,989001031452236,2020-06-09T00:00:00Z,GG35883,1,
Ha277,,,989001031452309,2020-06-09T00:00:00Z,GG35884,1,
Ha277,,,989001031452248,2020-06-09T00:00:00Z,GG35885,1,
Ha162,,,989001031452261,2020-06-10T00:00:00Z,GG35886,1,
Ha162,,,989001031452286,2020-06-10T00:00:00Z,GG35887,1,
Ha234,,,989001031452228,2020-06-10T00:00:00Z,GG35888,1,
Ha234,,,989001031452476,2020-06-10T00:00:00Z,GG35889,1,
Ha234,,,989001031452213,2020-06-10T00:00:00Z,GG35890,1,
Ha214,,,989001026346880,2020-06-10T00:00:00Z,GG31779,2019 adult,F
Ha153,,,989001031452573,2020-06-14T00:00:00Z,GG35891,1,
Ha153,,,989001031452563,2020-06-14T00:00:00Z,GG35892,1,
Ha153,,,989001031452408,2020-06-14T00:00:00Z,GG35893,1,
Ha153,,,989001031452503,2020-06-14T00:00:00Z,GG35894,1,
Ha153,,,989001031452523,2020-06-14T00:00:00Z,GG35895,1,
Ha275,,,989001031452595,2020-06-14T00:00:00Z,GG35896,1,
Ha275,,,989001031452528,2020-06-14T00:00:00Z,GG35897,1,
Ha275,,,989001031452432,2020-06-14T00:00:00Z,GG35898,1,
Ha275,,,989001031452475,2020-06-14T00:00:00Z,GG35899,1,
Ha275,,,989001031452461,2020-06-14T00:00:00Z,GG35900,1,
Ha275,,,989001031452517,2020-06-14T00:00:00Z,GG35951,1,
Ha275,,,989001031452405,2020-06-14T00:00:00Z,GG35952,1,
Ha275,,,989001031452504,2020-06-14T00:00:00Z,GG35953,1,
Ha289,,,989001031452508,2020-06-16T00:00:00Z,GG35954,1,
Ha289,,,989001031452416,2020-06-16T00:00:00Z,GG35955,1,
Ha289,,,989001026344843,2020-06-16T00:00:00Z,GG35956,1,
Ha289,,,989001031452478,2020-06-16T00:00:00Z,GG35957,1,
Ha220,,,989001031452487,2020-06-16T00:00:00Z,GG35958,1,
Ha220,,,989001026344845,2020-06-16T00:00:00Z,GG35959,1,
Ha220,,,989001031452399,2020-06-16T00:00:00Z,GG35960,1,
Ha220,,,989001031452473,2020-06-16T00:00:00Z,GG35961,1,
Ha220,,,989001031452453,2020-06-16T00:00:00Z,GG35962,1,
Ha220,,,989001031452529,2020-06-16T00:00:00Z,GG35963,1,
Ha220,,,989001031452439,2020-06-16T00:00:00Z,GG35964,1,
Ha276,,,989001031452507,2020-06-16T00:00:00Z,GG35966,1,
Ha276,,,989001031452567,2020-06-16T00:00:00Z,GG35967,1,
Ha276,,,989001031452533,2020-06-16T00:00:00Z,GG35968,1,
Ha3,,,989001031452394,2020-06-17T00:00:00Z,GG35969,1,
Ha3,,,989001031452594,2020-06-17T00:00:00Z,GG35970,1,
Ha3,,,989001031452463,2020-06-17T00:00:00Z,GG35971,1,
Ha3,,,989001031452554,2020-06-17T00:00:00Z,GG35972,1,
Ha3,,,989001031452597,2020-06-17T00:00:00Z,GG35973,1,
Ha3,,,989001026344801,2020-06-17T00:00:00Z,GG35974,1,
Ha166,,,989001031452493,2020-06-17T00:00:00Z,GG35975,1,
Ha166,,,989001031452583,2020-06-17T00:00:00Z,GG35976,1,
Ha166,,,989001031452483,2020-06-17T00:00:00Z,GG35977,1,
Ha166,,,989001031452440,2020-06-17T00:00:00Z,GG35978,1,
Ha166,,,989001031452502,2020-06-17T00:00:00Z,GG35979,1,
Ha287,,,989001031452417,2020-06-17T00:00:00Z,GG35980,1,
Ha287,,,989001031452481,2020-06-17T00:00:00Z,GG35981,1,
Ha287,,,989001031452412,2020-06-17T00:00:00Z,GG35982,1,
Ha287,,,989001031452411,2020-06-17T00:00:00Z,GG35983,1,
Ha287,,,989001031452455,2020-06-17T00:00:00Z,GG35984,1,
Ha287,,,989001031452534,2020-06-17T00:00:00Z,GG35985,1,
Ha278,,,989001031452428,2020-06-17T00:00:00Z,GG35986,1,
Ha278,,,989001031452423,2020-06-17T00:00:00Z,GG35987,1,
Ha278,,,989001031452581,2020-06-17T00:00:00Z,GG35988,1,
Ha278,,,989001031452484,2020-06-17T00:00:00Z,GG35989,1,
Ha130,,,989001026346668,2020-06-21T00:00:00Z,GG35570,2019,F
Ha288,,,989001031452433,2020-06-21T00:00:00Z,GG35990,1,
Ha288,,,989001031452437,2020-06-21T00:00:00Z,GG35991,1,
Ha288,,,989001026344846,2020-06-21T00:00:00Z,GG35992,1,
Ha288,,,989001031452536,2020-06-21T00:00:00Z,GG35993,1,
Ha288,,,989001031452426,2020-06-21T00:00:00Z,GG35994,1,
Hn1,,,989001031452490,2020-06-21T00:00:00Z,GG35995,1,
Hn1,,,989001031452284,2020-06-21T00:00:00Z,GG35996,1,
Ha216,,,989001031452591,2020-06-21T00:00:00Z,GG35997,1,
Ha216,,,989001031452564,2020-06-21T00:00:00Z,GG35998,1,
Ha216,,,989001031452551,2020-06-21T00:00:00Z,GG35999,1,
Ha290,,,989001026344914,2020-06-23T00:00:00Z,GG38801,1,
Ha290,,,989001031452546,2020-06-23T00:00:00Z,GG38802,1,
Ha290,,,989001031452274,2020-06-23T00:00:00Z,GG38803,1,
Ha290,,,989001031452400,2020-06-23T00:00:00Z,GG38804,1,
Ha290,,,989001031452382,2020-06-23T00:00:00Z,GG38805,1,
Ha290,,,989001031452232,2020-06-23T00:00:00Z,GG38806,1,
Ha290,,,989001031452222,2020-06-23T00:00:00Z,GG38807,1,
Ha290,,,989001031452352,2020-06-23T00:00:00Z,GG38808,1,
Ha165,,,989001031452407,2020-06-23T00:00:00Z,GG38809,1,
Ha165,,,989001031452225,2020-06-23T00:00:00Z,GG38810,1,
Ha165,,,989001031452321,2020-06-23T00:00:00Z,GG38811,1,
Ha165,,,989001031452413,2020-06-23T00:00:00Z,GG38812,1,
Ha273,,,989001031452582,2020-06-23T00:00:00Z,GG38813,1,
Ha273,,,989001031452328,2020-06-23T00:00:00Z,GG38814,1,
Ha273,,,989001031452409,2020-06-23T00:00:00Z,GG38815,1,
Ha273,,,989001031452457,2020-06-23T00:00:00Z,GG38816,1,
Ha256,,,989001031452402,2020-06-28T00:00:00Z,GG38817,1,
Ha170,,,989001031452216,2020-06-28T00:00:00Z,GG38818,1,
Ha170,,,989001031452351,2020-06-28T00:00:00Z,GG38819,1,
Ha170,,,989001031452584,2020-06-28T00:00:00Z,GG38820,1,
Ha170,,,989001026344932,2020-06-28T00:00:00Z,GG38821,1,
Ha170,,,989001031452424,2020-06-28T00:00:00Z,GG38822,1,
Ha217,,,989001031452256,2020-07-08T00:00:00Z,GG38824,1,
Ha217,,,989001031452429,2020-07-08T00:00:00Z,GG38825,1,
Ha279,,,989001026344873,2020-07-14T00:00:00Z,GG38823,1,
Ha130,,,989001031452530,2020-08-04T00:00:00Z,GG38826,1,
Ha130,,,989001031452620,2020-08-04T00:00:00Z,GG38827,1,
,,,,,,,
,,,,,,,
,,,,,,,
Ha153,,,989001026346656,2021-04-26T00:00:00Z,GG35534,2019,F
Ha281,,,989001031452400,2021-04-21T00:00:00Z,GG38804,2020,F
Ha277,,,989001026346905,2021-04-21T00:00:00Z,GG31790,2019 adult,F
Ha276,,,989001031452318,2021-04-21T00:00:00Z,GG38829,2021 adult,M
Ha276,,,989001031452486,2021-04-21T00:00:00Z,GG34551,2020 adult,F
Ha287,,,989001031452479,2021-05-05T00:00:00Z,GG38834,2021 adult,F
Ha275,,,989001026346882,2021-04-21T00:00:00Z,GG31789,2019,F
Ha130,,,989001026346668,2021-04-25T00:00:00Z,GG35570,2019,F
Ha130,,,989001026344870,2021-04-25T00:00:00Z,GG35764,adult2020,M
Ha283,,,989001026346835,2021-05-05T00:00:00Z,GG31791,2019 adult,F
Ha222,,,989001031452543,2021-05-10T00:00:00Z,GG38838,2021 adult,M
Ha222,,,989001026346679,2021-05-10T00:00:00Z,GG35540,2019,F
Ha154,,,989001031452406,2021-04-26T00:00:00Z,GG38831,2021 adult,F
Ha223,,,989001026346850,2021-05-10T00:00:00Z,GG35439,2018,F
Ha254,,,989001026312952,2021-05-09T00:00:00Z,GG24120,2015,F
Ha148,,,989001031452596,2021-04-26T00:00:00Z,GG38830,2021 adult,F
Ha286,,,989001031452203,2021-05-05T00:00:00Z,GG38833,2021 adult,F
Ha214,,,989001026344829,2021-05-09T00:00:00Z,GG35788,2020,F
Ha220,,,989001026344937,2021-05-16T00:00:00Z,GG35759,adult2020,F
Ha166,,,989001031452280,2021-05-05T00:00:00Z,GG38835,2021 adult,F
Hn2,,,989001026346924,2021-05-23T00:00:00Z,GG31764,2018,F
Ha136,,,989001031452492,2021-04-29T00:00:00Z,GG35809,2020,F
Ha245,,,989001026346849,2021-04-29T00:00:00Z,GG31785,2019 adult,F
Ha219,,,989001031452354,2021-05-13T00:00:00Z,GG37345,2020,M
Ha219,,,989001031452689,2021-05-13T00:00:00Z,GG39405,2020,F
Ha243,,,989001031452420,2021-05-19T00:00:00Z,GG38505,2021 adult,F
Ha221,,,989001031452505,2021-05-13T00:00:00Z,GG38502,2021 adult,F
Ha137,,,989001026344789,2021-05-20T00:00:00Z,GG35765,adult2020,F
Ha157,,,989001026346832,2021-05-05T00:00:00Z,GG35535,2019,F
Ha151,,,989001031452291,2021-05-20T00:00:00Z,GG38523,2021 adult,F
Ha234,,,989001026344817,2021-05-20T00:00:00Z,GG35770,adult2020,F
Ha170,,,989001031452589,2021-05-06T00:00:00Z,GG38836,2021 adult,F
Ha212,,,989001026346880,2021-05-06T00:00:00Z,GG31779,2019 adult,F
Ha160,,,989001031452558,2021-05-20T00:00:00Z,GG38522,2021 adult,F
Ha249,,,989001026346820,2021-05-19T00:00:00Z,GG35527,2019,F
Ha230,,,989001031452520,2021-05-10T00:00:00Z,GG38837,2021 adult,F
Ha258,,,989001031452555,2021-05-23T00:00:00Z,GG38525,2021 adult,F
Ha247,,,989001026346867,2021-05-20T00:00:00Z,GG29918,2019,F
Ha251,,,989001026346834,2021-05-13T00:00:00Z,GG31838,2019,F
Ha128,,,989001031452679,2021-05-19T00:00:00Z,GG38504,2021 adult,F
Ha255,,,989001031452587,2021-05-13T00:00:00Z,GG38501,2021 adult,F
Ha213,,,989001031452619,2021-05-16T00:00:00Z,GG38503,2021 adult,F
Ha297,,,989001031452674,2021-05-23T00:00:00Z,GG38526,2021 adult,F
Ha290,,,989001031452436,2021-05-26T00:00:00Z,GG38528,2021 adult,F
Ha240,,,,2021-05-23T00:00:00Z,GG38524,2021 adult,F
Ha174,,,989001031452541,2021-05-23T00:00:00Z,GG38527,2021 adult,F
Ha162,,,989001031452663,2021-05-26T00:00:00Z,G16342,2019,F
Ha229,,,989001031452263,2021-05-26T00:00:00Z,GG38529,2021 adult,F
Ha250,,,989001026344922,2021-06-02T00:00:00Z,GG35757,2019,F
Ha289,,,989001031452294,2021-06-02T00:00:00Z,GG38561,2021 adult,F
Ha285,,,989001026344518,2021-06-14T00:00:00Z,GG38673,2021 adult,F
GAIA,,,,2021-01-07T00:00:00Z,GG38828,2021 adult,F?
Ha298,,,989001031452443,2021-05-04T00:00:00Z,GG38832,2021 adult,m?
Ha231,,,989001031452398,2021-05-15T00:00:00Z,GG38839,1,
Ha231,,,989001031452687,2021-05-15T00:00:00Z,GG38840,1,
Ha231,,,989001031452459,2021-05-15T00:00:00Z,GG38841,1,
Ha231,,,989001031452290,2021-05-15T00:00:00Z,GG38842,1,
Ha238,,,989001031452574,2021-05-15T00:00:00Z,GG38843,1,
Ha238,,,989001031452538,2021-05-15T00:00:00Z,GG38844,1,
Ha238,,,989001031452501,2021-05-15T00:00:00Z,GG38845,1,
Ha238,,,989001031452633,2021-05-15T00:00:00Z,GG38846,1,
Ha238,,,989001031452234,2021-05-15T00:00:00Z,GG38847,1,
Ha238,,,989001031452570,2021-05-15T00:00:00Z,GG38848,1,
Ha238,,,989001031452588,2021-05-15T00:00:00Z,GG38849,1,
Ha238,,,989001031452576,2021-05-15T00:00:00Z,GG38850,1,
Ha281,,,989001031452446,2021-05-19T00:00:00Z,GG38506,1,
Ha281,,,989001031452647,2021-05-19T00:00:00Z,GG38507,1,
Ha281,,,989001031452631,2021-05-19T00:00:00Z,GG38508,1,
Ha281,,,989001031452657,2021-05-19T00:00:00Z,GG38509,1,
Ha281,,,989001031452448,2021-05-19T00:00:00Z,GG38510,1,
Ha281,,,989001031452227,2021-05-19T00:00:00Z,GG38511,1,
Ha277,,,989001031452414,2021-05-19T00:00:00Z,GG38512,1,
Ha277,,,989001031452659,2021-05-19T00:00:00Z,GG38513,1,
Ha277,,,989001031452634,2021-05-19T00:00:00Z,GG38514,1,
Ha277,,,989001031452303,2021-05-19T00:00:00Z,GG38515,1,
Ha277,,,989001031452419,2021-05-19T00:00:00Z,GG38516,1,
Ha277,,,989001031452616,2021-05-19T00:00:00Z,GG38517,1,
Ha277,,,989001031452676,2021-05-19T00:00:00Z,GG38518,1,
Ha277,,,989001031452275,2021-05-19T00:00:00Z,GG38519,1,
Ha277,,,989001031452403,2021-05-19T00:00:00Z,GG38520,1,
Ha277,,,989001031452519,2021-05-19T00:00:00Z,GG38521,1,
Ha287,,,989001026344822,2021-05-30T00:00:00Z,GG38530,1,
Ha287,,,989001031452542,2021-05-30T00:00:00Z,GG38531,1,
Ha287,,,989001031452648,2021-05-30T00:00:00Z,GG38532,1,
Ha287,,,989001031452612,2021-05-30T00:00:00Z,GG38533,1,
Ha287,,,989001031452672,2021-05-30T00:00:00Z,GG38534,1,
Ha287,,,989001031452471,2021-05-30T00:00:00Z,GG38535,1,
Ha287,,,989001031452572,2021-05-30T00:00:00Z,GG38536,1,
Ha276,,,989001031452515,2021-05-30T00:00:00Z,GG38537,1,
Ha276,,,989001031452358,2021-05-30T00:00:00Z,GG38538,1,
Ha276,,,989001031452666,2021-05-30T00:00:00Z,GG38539,1,
Ha276,,,989001031452474,2021-05-30T00:00:00Z,GG38540,1,
Ha276,,,989001031452539,2021-05-30T00:00:00Z,GG38541,1,
Ha276,,,989001026344839,2021-05-30T00:00:00Z,GG38542,1,
Ha276,,,989001031452273,2021-05-30T00:00:00Z,GG38543,1,
Ha276,,,989001031452239,2021-05-30T00:00:00Z,GG38544,1,
Ha275,,,989001031452199,2021-05-31T00:00:00Z,GG38545,1,
Ha275,,,989001031452401,2021-05-31T00:00:00Z,GG38546,1,
Ha275,,,989001031452694,2021-05-31T00:00:00Z,GG38547,1,
Ha275,,,989001031452599,2021-05-31T00:00:00Z,GG38548,1,
Ha275,,,989001031452356,2021-05-31T00:00:00Z,GG38549,1,
Ha275,,,989001031452601,2021-05-31T00:00:00Z,GG38550,1,
Ha275,,,989001031452662,2021-05-31T00:00:00Z,GG38551,1,
Ha130,,,989001031452686,2021-05-31T00:00:00Z,GG38552,1,
Ha130,,,989001031452208,2021-05-31T00:00:00Z,GG38553,1,
Ha130,,,989001031452590,2021-05-31T00:00:00Z,GG38554,1,
Ha130,,,989001031452383,2021-05-31T00:00:00Z,GG38555,1,
Ha130,,,989001031452691,2021-05-31T00:00:00Z,GG38556,1,
Ha130,,,989001031452682,2021-05-31T00:00:00Z,GG38557,1,
Ha130,,,989001031452319,2021-05-31T00:00:00Z,GG38558,1,
Ha130,,,989001031452340,2021-05-31T00:00:00Z,GG38559,1,
Ha130,,,989001031452456,2021-05-31T00:00:00Z,GG38560,1,
Ha283,,,989001031452313,2021-06-02T00:00:00Z,GG38562,1,
Ha283,,,989001031452623,2021-06-02T00:00:00Z,GG38563,1,
Ha283,,,989001031452646,2021-06-02T00:00:00Z,GG38564,1,
Ha283,,,989001031452664,2021-06-02T00:00:00Z,GG38565,1,
Ha283,,,989001031452571,2021-06-02T00:00:00Z,GG38566,1,
Ha283,,,989001026344942,2021-06-02T00:00:00Z,GG38567,1,
Ha283,,,989001031452668,2021-06-02T00:00:00Z,GG38568,1,
Ha283,,,989001031452552,2021-06-02T00:00:00Z,GG38569,1,
Ha222,,,989001031452642,2021-06-03T00:00:00Z,GG38570,1,
Ha222,,,989001031452380,2021-06-03T00:00:00Z,GG38571,1,
Ha222,,,989001031452637,2021-06-03T00:00:00Z,GG38572,1,
Ha222,,,989001031452644,2021-06-03T00:00:00Z,GG38573,1,
Ha222,,,989001031452510,2021-06-03T00:00:00Z,GG38574,1,
Ha222,,,989001031452641,2021-06-03T00:00:00Z,GG38575,1,
Ha222,,,989001031452450,2021-06-03T00:00:00Z,GG38576,1,
Ha148,,,989001031452649,2021-06-06T00:00:00Z,GG38577,1,
Ha148,,,989001031452650,2021-06-06T00:00:00Z,GG38578,1,
Ha148,,,989001031452477,2021-06-06T00:00:00Z,GG38579,1,
Ha148,,,989001031452549,2021-06-06T00:00:00Z,GG38580,1,
Ha148,,,989001031452603,2021-06-06T00:00:00Z,GG38581,1,
Ha148,,,989001031452218,2021-06-06T00:00:00Z,GG38582,1,
Ha148,,,989001031452276,2021-06-06T00:00:00Z,GG38583,1,
Ha154,,,989001031452220,2021-06-06T00:00:00Z,GG38584,1,
Ha154,,,989001026344819,2021-06-06T00:00:00Z,GG38585,1,
Ha154,,,989001031452449,2021-06-06T00:00:00Z,GG38586,1,
Ha154,,,989001031452639,2021-06-06T00:00:00Z,GG38587,1,
Ha154,,,989001031452665,2021-06-06T00:00:00Z,GG38588,1,
Ha154,,,989001031452685,2021-06-06T00:00:00Z,GG38589,1,
Ha154,,,989001031452586,2021-06-06T00:00:00Z,GG38590,1,
Ha223,,,989001031452653,2021-06-06T00:00:00Z,GG38591,1,
Ha223,,,989001031452327,2021-06-06T00:00:00Z,GG38592,1,
Ha223,,,989001031452262,2021-06-06T00:00:00Z,GG38593,1,
Ha223,,,989001031452636,2021-06-06T00:00:00Z,GG38594,1,
Ha223,,,989001031452602,2021-06-06T00:00:00Z,GG38595,1,
Ha223,,,989001031452545,2021-06-06T00:00:00Z,GG38596,1,
Ha254,,,989001031452557,2021-06-06T00:00:00Z,GG38597,1,
Ha254,,,989001031452693,2021-06-06T00:00:00Z,GG38598,1,
Ha254,,,989001031452697,2021-06-06T00:00:00Z,GG38599,1,
Ha254,,,989001031452669,2021-06-06T00:00:00Z,GG38600,1,
Ha254,,,989001031452579,2021-06-06T00:00:00Z,GG38601,1,
Ha286,,,989001031452604,2021-06-08T00:00:00Z,GG38602,1,
Ha286,,,989001031452625,2021-06-08T00:00:00Z,GG38603,1,
Ha286,,,989001031452593,2021-06-08T00:00:00Z,GG38604,1,
Ha286,,,989001031452498,2021-06-08T00:00:00Z,GG38605,1,
Ha214,,,989001031452454,2021-06-08T00:00:00Z,GG38606,1,
Ha214,,,989001031452618,2021-06-08T00:00:00Z,GG38607,1,
Ha214,,,989001031452628,2021-06-08T00:00:00Z,GG38608,1,
Ha214,,,989001031452460,2021-06-08T00:00:00Z,GG38609,1,
Ha214,,,989001031452614,2021-06-08T00:00:00Z,GG38610,1,
Ha214,,,989001031452267,2021-06-08T00:00:00Z,GG38611,1,
Ha218,,,989001031452622,2021-06-08T00:00:00Z,GG38612,1,
Ha218,,,989001026344837,2021-06-08T00:00:00Z,GG38613,1,
Ha218,,,989001031452532,2021-06-08T00:00:00Z,GG38614,1,
Ha218,,,989001031452568,2021-06-08T00:00:00Z,GG38615,1,
Ha218,,,989001026344810,2021-06-08T00:00:00Z,GG38616,1,
Ha218,,,989001026344492,2021-06-08T00:00:00Z,GG38617,1,
Ha218,,,989001031452468,2021-06-08T00:00:00Z,GG38618,1,
Ha220,,,989001031452677,2021-06-08T00:00:00Z,GG38619,1,
Ha220,,,989001026344802,2021-06-08T00:00:00Z,GG38620,1,
Ha220,,,989001026344799,2021-06-08T00:00:00Z,GG38621,1,
Ha220,,,989001026344769,2021-06-08T00:00:00Z,GG38622,1,
Ha220,,,989001026344483,2021-06-08T00:00:00Z,GG38623,1,
Ha220,,,989001026344745,2021-06-08T00:00:00Z,GG38624,1,
Ha220,,,989001026344455,2021-06-08T00:00:00Z,GG38625,1,
Ha166,,,989001026344776,2021-06-08T00:00:00Z,GG38626,1,
Ha166,,,989001026344459,2021-06-08T00:00:00Z,GG38627,1,
Ha166,,,989001026344821,2021-06-08T00:00:00Z,GG38628,1,M
Ha166,,,989001031452680,2021-06-08T00:00:00Z,GG38629,1,
Ha166,,,989001031452688,2021-06-08T00:00:00Z,GG38630,1,
Ha166,,,989001026344813,2021-06-08T00:00:00Z,GG38631,1,
Ha166,,,989001026344443,2021-06-08T00:00:00Z,GG38632,1,
Ha136,,,989001031452645,2021-06-09T00:00:00Z,GG38633,1,
Ha136,,,989001026344773,2021-06-09T00:00:00Z,GG38634,1,
Ha136,,,989001026344513,2021-06-09T00:00:00Z,GG38635,1,
Ha136,,,989001026344761,2021-06-09T00:00:00Z,GG38636,1,
Ha136,,,989001026344812,2021-06-09T00:00:00Z,GG38637,1,
Ha136,,,989001026344487,2021-06-09T00:00:00Z,GG38638,1,
Hn2,,,989001026344458,2021-06-09T00:00:00Z,GG38639,1,
Hn2,,,989001026344791,2021-06-09T00:00:00Z,GG38640,1,
Hn2,,,989001026344489,2021-06-09T00:00:00Z,GG38641,1,
Hn2,,,989001026344512,2021-06-09T00:00:00Z,GG38642,1,
Hn2,,,989001026344784,2021-06-09T00:00:00Z,GG38643,1,
Hn2,,,989001026344790,2021-06-09T00:00:00Z,GG38644,1,
Hn2,,,989001031452658,2021-06-09T00:00:00Z,GG38645,1,
Ha245,,,989001026344800,2021-06-10T00:00:00Z,GG38646,1,
Ha245,,,989001026344779,2021-06-10T00:00:00Z,GG38647,1,
Ha245,,,989001026344524,2021-06-10T00:00:00Z,GG38648,1,
Ha219,,,989001026344770,2021-06-10T00:00:00Z,GG38649,1,
Ha219,,,989001026344454,2021-06-10T00:00:00Z,GG38650,1,
Ha219,,,989001026344494,2021-06-10T00:00:00Z,GG38651,1,
Ha219,,,989001026344733,2021-06-10T00:00:00Z,GG38652,1,
Ha219,,,989001026344809,2021-06-10T00:00:00Z,GG38653,1,
Ha219,,,989001026344820,2021-06-10T00:00:00Z,GG38654,1,
Ha137,,,989001031452671,2021-06-13T00:00:00Z,GG38655,1,
Ha137,,,989001026344516,2021-06-13T00:00:00Z,GG38656,1,
Ha137,,,989001026344804,2021-06-13T00:00:00Z,GG38657,1,
Ha137,,,989001026344476,2021-06-13T00:00:00Z,GG38658,1,
Ha137,,,989001026344797,2021-06-13T00:00:00Z,GG38659,1,
Ha137,,,989001026344575,2021-06-13T00:00:00Z,GG38660,1,
Ha243,,,989001026344464,2021-06-13T00:00:00Z,GG38661,1,
Ha243,,,989001031452575,2021-06-13T00:00:00Z,GG38662,1,
Ha243,,,989001026344469,2021-06-13T00:00:00Z,GG38663,1,
Ha243,,,989001026344485,2021-06-13T00:00:00Z,GG38664,1,
Ha243,,,989001026344728,2021-06-13T00:00:00Z,GG38665,1,
Ha157,,,989001026344581,2021-06-13T00:00:00Z,GG38666,1,
Ha221,,,989001031452615,2021-06-13T00:00:00Z,GG38667,1,
Ha221,,,989001026344585,2021-06-13T00:00:00Z,GG38668,1,
Ha221,,,989001026344699,2021-06-13T00:00:00Z,GG38669,1,
Ha221,,,989001026344758,2021-06-13T00:00:00Z,GG38670,1,
Ha221,,,989001031452632,2021-06-13T00:00:00Z,GG38671,1,
Ha221,,,989001031452651,2021-06-13T00:00:00Z,GG38672,1,
Ha151,,,989001026344785,2021-06-14T00:00:00Z,GG38674,1,
Ha151,,,989001026344490,2021-06-14T00:00:00Z,GG38675,1,
Ha151,,,989001031452627,2021-06-14T00:00:00Z,GG38676,1,
Ha151,,,989001026344586,2021-06-14T00:00:00Z,GG38677,1,
Ha151,,,989001031452695,2021-06-14T00:00:00Z,GG38678,1,
Ha151,,,989001026344528,2021-06-14T00:00:00Z,GG38679,1,
Ha151,,,989001031452556,2021-06-14T00:00:00Z,GG38680,1,
Ha212,,,989001031452537,2021-06-14T00:00:00Z,GG38681,1,
Ha212,,,989001031452690,2021-06-14T00:00:00Z,GG38682,1,
Ha212,,,989001031452661,2021-06-14T00:00:00Z,GG38683,1,
Ha212,,,989001026344706,2021-06-14T00:00:00Z,GG38684,1,
Ha212,,,989001031452660,2021-06-14T00:00:00Z,GG38685,1,
Ha212,,,989001031452427,2021-06-14T00:00:00Z,GG38686,1,
Ha212,,,989001031452462,2021-06-14T00:00:00Z,GG38687,1,
Ha234,,,989001026344592,2021-06-14T00:00:00Z,GG38688,1,
Ha234,,,989001026344640,2021-06-14T00:00:00Z,GG38689,1,
Ha234,,,989001031452464,2021-06-14T00:00:00Z,GG38690,1,
Ha234,,,989001031452607,2021-06-14T00:00:00Z,GG38691,1,
Ha170,,,989001031452372,2021-06-15T00:00:00Z,GG38692,1,
Ha170,,,989001031452521,2021-06-15T00:00:00Z,GG38693,1,
Ha170,,,989001031452609,2021-06-15T00:00:00Z,GG38694,1,
Ha170,,,989001031452638,2021-06-15T00:00:00Z,GG38695,1,
Ha170,,,989001031452608,2021-06-15T00:00:00Z,GG38696,1,
Ha170,,,989001031452684,2021-06-15T00:00:00Z,GG38697,1,
Ha170,,,989001031452692,2021-06-15T00:00:00Z,GG38698,1,
Ha160,,,989001026344663,2021-06-15T00:00:00Z,GG38699,1,
Ha160,,,989001031452629,2021-06-15T00:00:00Z,GG38700,1,
Ha160,,,989001031452255,2021-06-15T00:00:00Z,GG38701,1,
Ha160,,,989001031452518,2021-06-15T00:00:00Z,GG38702,1,
Ha160,,,989001026344645,2021-06-15T00:00:00Z,GG38703,1,
Ha160,,,989001026344572,2021-06-15T00:00:00Z,GG38704,1,
Ha249,,,989001031452540,2021-06-15T00:00:00Z,GG38705,1,
Ha249,,,989001031452434,2021-06-15T00:00:00Z,GG38706,1,
Ha249,,,989001031452562,2021-06-15T00:00:00Z,GG38707,1,
Ha249,,,989001031452389,2021-06-15T00:00:00Z,GG38708,1,
Ha249,,,989001026344543,2021-06-15T00:00:00Z,GG38709,1,
Ha247,,,989001026344747,2021-06-21T00:00:00Z,GG38710,1,
Ha247,,,989001026344503,2021-06-21T00:00:00Z,GG38711,1,
Ha247,,,989001026344500,2021-06-21T00:00:00Z,GG38712,1,
Ha247,,,989001026344551,2021-06-21T00:00:00Z,GG38713,1,
Ha247,,,989001026344612,2021-06-21T00:00:00Z,GG38714,1,
Ha258,,,989001026344540,2021-06-21T00:00:00Z,GG38715,1,
Ha258,,,989001026344639,2021-06-21T00:00:00Z,GG38716,1,
Ha258,,,989001026344576,2021-06-21T00:00:00Z,GG38717,1,
Ha258,,,989001026344611,2021-06-21T00:00:00Z,GG38718,1,
Ha258,,,989001026344765,2021-06-21T00:00:00Z,GG38719,1,
Ha258,,,989001026344504,2021-06-21T00:00:00Z,GG38720,1,
Ha230,,,989001026344505,2021-06-21T00:00:00Z,GG38721,1,
Ha230,,,989001026344807,2021-06-21T00:00:00Z,GG38722,1,
Ha230,,,989001026344462,2021-06-21T00:00:00Z,GG38723,1,
Ha230,,,989001026344480,2021-06-21T00:00:00Z,GG38724,1,
Ha230,,,989001026344686,2021-06-21T00:00:00Z,GG38725,1,
Ha230,,,989001026344605,2021-06-21T00:00:00Z,GG38726,1,
Ha230,,,989001026344607,2021-06-21T00:00:00Z,GG38727,1,
Ha128,,,989001026344530,2021-06-22T00:00:00Z,GG38728,1,
Ha128,,,989001026344735,2021-06-22T00:00:00Z,GG38729,1,
Ha128,,,989001026344737,2021-06-22T00:00:00Z,GG38730,1,
Ha251,,,989001026344596,2021-06-22T00:00:00Z,GG38731,1,
Ha251,,,989001031452559,2021-06-22T00:00:00Z,GG38732,1,
Ha251,,,989001026344567,2021-06-22T00:00:00Z,GG38733,1,
Ha251,,,989001026344501,2021-06-22T00:00:00Z,GG38734,1,
Ha251,,,989001026344508,2021-06-22T00:00:00Z,GG38735,1,
Ha251,,,989001026344456,2021-06-22T00:00:00Z,GG38736,1,
Ha251,,,989001026344620,2021-06-22T00:00:00Z,GG38737,1,
Ha255,,,989001026344526,2021-06-22T00:00:00Z,GG38738,1,
Ha255,,,989001026344808,2021-06-22T00:00:00Z,GG38739,1,
Ha255,,,989001031452237,2021-06-22T00:00:00Z,GG38740,1,
Ha255,,,989001026344673,2021-06-22T00:00:00Z,GG38741,1,
Ha297,,,989001026344617,2021-06-27T00:00:00Z,GG38742,1,
Ha297,,,989001026344727,2021-06-27T00:00:00Z,GG38743,1,
Ha213,,,989001026344722,2021-06-27T00:00:00Z,GG38744,1,
Ha213,,,989001026344615,2021-06-27T00:00:00Z,GG38745,1,
Ha213,,,989001026344535,2021-06-27T00:00:00Z,GG38746,1,
Ha213,,,989001026344564,2021-06-27T00:00:00Z,GG38747,1,
Ha213,,,989001026344482,2021-06-27T00:00:00Z,GG38748,1,
Ha290,,,989001031452561,2021-07-01T00:00:00Z,GG38749,1,
Ha290,,,989001026344736,2021-07-01T00:00:00Z,GG38750,1,
Ha290,,,989001026344609,2021-07-01T00:00:00Z,GG38751,1,
Ha290,,,989001026344836,2021-07-01T00:00:00Z,GG38752,1,
Ha290,,,989001026344493,2021-07-01T00:00:00Z,GG38753,1,
Ha162,,,989001026344619,2021-07-05T00:00:00Z,GG38754,1,
Ha240,,,989001026344545,2021-07-05T00:00:00Z,GG38755,1,
Ha240,,,989001026344814,2021-07-05T00:00:00Z,GG38756,1,
Ha240,,,989001026344486,2021-07-05T00:00:00Z,GG38757,1,
Ha250,,,98900102634458,2021-07-05T00:00:00Z,GG38758,1,
Ha250,,,98900102634459,2021-07-05T00:00:00Z,GG38759,1,
Ha250,,,989001026344491,2021-07-05T00:00:00Z,GG38760,1,
Ha174,,,989001026344718,2021-07-08T00:00:00Z,GG38761,1,
Ha174,,,989001026344532,2021-07-08T00:00:00Z,GG38762,1,
Ha174,,,989001026344604,2021-07-08T00:00:00Z,GG38763,1,
Ha174,,,989001026344835,2021-07-08T00:00:00Z,GG38764,1,
Ha229,,,989001031452681,2021-07-08T00:00:00Z,GG38765,1,
Ha229,,,989001026344520,2021-07-08T00:00:00Z,GG38766,1,
Ha289,,,989001026344468,2021-07-13T00:00:00Z,GG38767,1,
Ha289,,,989001026344571,2021-07-13T00:00:00Z,GG38768,1,
Ha289,,,989001026344786,2021-07-13T00:00:00Z,GG38769,1,
Ha285,,,989001026344778,2021-07-18T00:00:00Z,GG38770,1,
Ha285,,,989001026344681,2021-07-18T00:00:00Z,GG38771,1,
Ha285,,,989001026344557,2021-07-18T00:00:00Z,GG38772,1,
